City_ID,City,Country,Date,Lat,Lng,Max Temp,Humidity,Cloudiness,Wind Speed
0,Hilo,US,2022-10-05 20:03:38,19.7297,-155.09,303.31,86,19,0.45
1,Albany,US,2022-10-05 20:03:17,42.6001,-73.9662,291.42,80,98,1.69
2,Port Alfred,ZA,2022-10-05 19:59:28,-33.5906,26.891,289.92,89,93,2.24
3,Vaini,TO,2022-10-05 20:03:39,-21.2,-175.2,297.86,87,100,6.06
4,Qaanaaq,GL,2022-10-05 20:02:20,77.484,-69.3632,259.25,73,50,3.45
5,Chajul,GT,2022-10-05 20:03:40,15.4853,-91.0342,298.17,59,87,3.01
6,Hami,CN,2022-10-05 20:03:40,42.8,93.45,284.67,46,0,2.22
7,Tawau,MY,2022-10-05 20:03:40,4.2498,117.8871,297.88,90,12,2.25
8,Punta Arenas,CL,2022-10-05 20:00:14,-53.15,-70.9167,284.88,62,100,6.98
9,Bredasdorp,ZA,2022-10-05 20:03:41,-34.5322,20.0403,283.91,90,0,2.36
10,Srednekolymsk,RU,2022-10-05 20:03:42,67.45,153.6833,266.78,88,100,10.37
11,Saskylakh,RU,2022-10-05 20:03:42,71.9167,114.0833,257.73,98,81,2.04
12,Nikolskoye,RU,2022-10-05 20:03:42,59.7035,30.7861,281.37,96,90,2.51
13,Ust-Maya,RU,2022-10-05 20:03:43,60.4167,134.5333,267.68,84,91,3.11
14,Cherskiy,RU,2022-10-05 20:03:43,68.75,161.3,268.11,78,100,3.69
15,Iqaluit,CA,2022-10-05 20:00:15,63.7506,-68.5145,274.0,100,100,3.6
16,Busselton,AU,2022-10-05 20:03:44,-33.65,115.3333,282.37,63,12,3.8
17,Berlevag,NO,2022-10-05 20:03:44,70.8578,29.0864,279.15,75,0,9.26
18,Tarbes,FR,2022-10-05 20:03:44,43.25,0.1667,289.54,88,75,4.12
19,Ushuaia,AR,2022-10-05 19:58:57,-54.8,-68.3,283.96,43,40,5.14
20,Puerto Ayora,EC,2022-10-05 20:03:45,-0.7393,-90.3518,294.01,88,76,2.68
21,Mataura,NZ,2022-10-05 20:03:45,-46.1927,168.8643,276.75,89,100,3.61
22,Havre-Saint-Pierre,CA,2022-10-05 20:03:46,50.2334,-63.5986,284.09,85,100,3.66
23,Kruisfontein,ZA,2022-10-05 20:01:07,-34.0033,24.7314,286.42,83,76,2.22
24,Carutapera,BR,2022-10-05 20:03:46,-1.195,-46.02,301.72,68,17,5.05
25,Shelburne,CA,2022-10-05 20:03:47,44.0787,-80.2041,297.46,43,16,3.92
26,Rikitea,PF,2022-10-05 20:03:47,-23.1203,-134.9692,293.71,64,0,9.96
27,Morro Bay,US,2022-10-05 20:03:48,35.3658,-120.8499,306.81,29,18,3.13
28,Tarata,BO,2022-10-05 20:03:48,-17.6167,-66.0167,295.96,30,55,8.59
29,Fairbanks,US,2022-10-05 20:02:51,64.8378,-147.7164,281.05,81,82,1.05
30,Codrington,AU,2022-10-05 20:03:49,-38.2667,141.9667,285.85,93,100,5.04
31,Matara,LK,2022-10-05 20:01:53,5.9485,80.5353,298.12,88,100,5.22
32,Corinto,GR,2022-10-05 20:03:49,37.9407,22.9573,293.09,59,0,1.95
33,Makakilo City,US,2022-10-05 20:01:10,21.3469,-158.0858,300.36,65,40,2.57
34,Victoria,HK,2022-10-05 20:01:12,22.2855,114.1577,301.66,79,41,4.92
35,Chuy,UY,2022-10-05 20:03:50,-33.6971,-53.4616,290.77,67,90,6.05
36,Charters Towers,AU,2022-10-05 20:03:50,-20.1,146.2667,291.53,89,2,3.33
37,Hobart,AU,2022-10-05 20:03:51,-42.8794,147.3294,283.29,81,75,6.17
38,Georgetown,MY,2022-10-05 20:02:22,5.4112,100.3354,298.65,92,40,0.51
39,Villazon,BO,2022-10-05 20:03:51,-22.0866,-65.5942,291.13,3,1,10.7
40,Khatanga,RU,2022-10-05 20:01:04,71.9667,102.5,258.93,99,84,1.34
41,Adwa,ET,2022-10-05 20:03:52,14.1646,38.8955,292.32,55,95,0.87
42,Vao,NC,2022-10-05 20:03:52,-22.6667,167.4833,294.53,56,99,3.88
43,Saint-Philippe,RE,2022-10-05 20:03:53,-21.3585,55.7679,293.92,79,53,4.47
44,New Norfolk,AU,2022-10-05 20:03:53,-42.7826,147.0587,283.1,70,100,0.89
45,Leningradskiy,RU,2022-10-05 20:03:53,69.3833,178.4167,270.22,87,100,5.42
46,Comarapa,BO,2022-10-05 20:04:54,-17.9,-64.4833,292.87,66,100,4.55
47,Ahipara,NZ,2022-10-05 20:04:54,-35.1667,173.1667,284.88,67,99,8.6
48,Carnarvon,AU,2022-10-05 20:04:55,-24.8667,113.6333,290.33,61,21,10.58
49,Tomatlan,MX,2022-10-05 20:04:55,19.9333,-105.25,303.7,65,10,2.54
50,Saldanha,ZA,2022-10-05 20:04:56,-33.0117,17.9442,287.33,77,1,4.15
51,Bluff,NZ,2022-10-05 20:01:18,-46.6,168.3333,276.93,69,94,9.85
52,Moroni,KM,2022-10-05 20:04:56,-11.7022,43.2551,296.56,80,3,0.49
53,Mogadishu,SO,2022-10-05 20:04:57,2.0371,45.3438,298.51,86,97,6.04
54,Avarua,CK,2022-10-05 20:04:57,-21.2078,-159.775,298.18,69,40,7.72
55,Brae,GB,2022-10-05 20:04:57,60.3964,-1.353,283.19,84,85,15.15
56,Quatre Cocos,MU,2022-10-05 20:04:58,-20.2078,57.7625,295.21,69,57,5.95
57,Vila Velha,BR,2022-10-05 20:04:58,-20.3297,-40.2925,297.12,83,40,3.6
58,Kaduy,RU,2022-10-05 20:04:58,59.2,37.15,279.14,93,97,1.61
59,Westport,US,2022-10-05 20:01:29,41.1415,-73.3579,289.87,90,100,4.63
60,Petropavlovka,RU,2022-10-05 20:04:59,50.6114,105.3196,271.33,63,24,1.31
61,Pacific Grove,US,2022-10-05 20:04:59,36.6177,-121.9166,298.92,87,100,4.47
62,Atuona,PF,2022-10-05 20:05:00,-9.8,-139.0333,298.32,71,1,6.7
63,Hermanus,ZA,2022-10-05 20:05:00,-34.4187,19.2345,286.37,81,0,5.67
64,Praia Da Vitoria,PT,2022-10-05 20:05:01,38.7333,-27.0667,293.01,96,98,7.61
65,Lata,PT,2022-10-05 20:05:01,40.1629,-8.3327,291.44,82,0,0.97
66,Sonoita,MX,2022-10-05 20:05:01,31.85,-112.8333,304.25,31,1,1.79
67,Noumea,NC,2022-10-05 20:02:15,-22.2763,166.4572,294.82,99,100,2.11
68,Lebu,CL,2022-10-05 20:05:02,-37.6167,-73.65,285.7,69,100,4.4
69,Muborak,UZ,2022-10-05 20:05:02,39.2553,65.1528,287.45,22,0,5.7
70,Tessalit,ML,2022-10-05 20:05:03,20.1986,1.0114,309.0,13,45,4.01
71,Ketchikan,US,2022-10-05 20:02:13,55.3422,-131.6461,286.62,98,100,2.39
72,Ginir,ET,2022-10-05 20:05:03,7.1333,40.7,288.74,76,89,1.92
73,Fort Saint James,CA,2022-10-05 20:05:04,54.4333,-124.25,291.13,48,47,0.76
74,Lagoa,PT,2022-10-05 20:03:36,39.05,-27.9833,293.71,84,100,9.26
75,Tasiilaq,GL,2022-10-05 20:05:04,65.6145,-37.6368,273.24,62,72,2.35
76,Jamestown,US,2022-10-05 20:00:44,42.097,-79.2353,293.16,41,8,1.79
77,Portland,US,2022-10-05 20:04:49,45.5234,-122.6762,292.17,77,100,3.09
78,Bail Hongal,IN,2022-10-05 20:05:05,15.8167,74.8667,295.43,83,100,2.83
79,Upernavik,GL,2022-10-05 20:05:06,72.7868,-56.1549,266.01,79,56,2.29
80,Havoysund,NO,2022-10-05 20:04:38,70.9963,24.6622,280.28,89,100,9.2
81,Wanaka,NZ,2022-10-05 20:05:06,-44.7,169.15,273.75,70,70,2.2
82,Malartic,CA,2022-10-05 20:05:07,48.1335,-78.1328,293.16,72,100,4.7
83,Babynino,RU,2022-10-05 20:05:07,54.39,35.73,280.01,94,94,4.15
84,Perth,AU,2022-10-05 20:04:50,-31.9333,115.8333,284.28,84,40,0.0
85,Hay River,CA,2022-10-05 20:02:10,60.8156,-115.7999,281.56,42,0,4.47
86,Yellowknife,CA,2022-10-05 20:04:29,62.456,-114.3525,276.24,64,6,5.36
87,Angouleme,FR,2022-10-05 20:05:08,45.65,0.15,290.95,75,0,2.06
88,Ylivieska,FI,2022-10-05 20:05:09,64.0833,24.55,283.33,98,100,4.29
89,Oktyabrskoye,RU,2022-10-05 20:06:09,43.0645,44.7417,288.23,87,100,2.0
90,Taltal,CL,2022-10-05 20:06:10,-25.4,-70.4833,289.53,61,13,2.35
91,Coihaique,CL,2022-10-05 20:06:10,-45.5752,-72.0662,283.12,62,100,3.09
92,Yerbogachen,RU,2022-10-05 20:06:10,61.2767,108.0108,270.24,83,82,2.06
93,East London,ZA,2022-10-05 20:06:11,-33.0153,27.9116,291.99,82,100,4.37
94,Sabang,ID,2022-10-05 20:06:11,5.8933,95.3214,299.14,83,100,7.03
95,Plouzane,FR,2022-10-05 20:06:12,48.3833,-4.6167,286.33,82,20,4.12
96,Dunedin,NZ,2022-10-05 20:06:12,-45.8742,170.5036,275.85,82,100,8.54
97,Kargil,IN,2022-10-05 20:06:12,34.5667,76.1,280.1,50,0,2.63
98,Troitskoye,RU,2022-10-05 20:06:13,52.9821,84.6757,276.53,85,100,2.91
99,Ndioum,SN,2022-10-05 20:06:13,16.5129,-14.6471,312.43,13,10,3.02
100,Dikson,RU,2022-10-05 20:06:14,73.5069,80.5464,272.31,76,92,2.93
101,Pangai,TO,2022-10-05 20:06:14,-19.8,-174.35,298.46,86,100,6.24
102,Arlit,NE,2022-10-05 20:05:01,18.7369,7.3853,308.44,13,7,7.95
103,Lipin Bor,RU,2022-10-05 20:06:14,60.2622,37.9763,280.79,87,100,2.48
104,Vanderhoof,CA,2022-10-05 20:06:15,54.0166,-124.0198,290.92,50,15,0.64
105,Deputatskiy,RU,2022-10-05 20:06:15,69.3,139.9,260.29,93,100,2.62
106,Cape Town,ZA,2022-10-05 20:01:30,-33.9258,18.4232,288.64,63,0,2.68
107,Souillac,MU,2022-10-05 20:06:16,-20.5167,57.5167,295.36,73,20,3.6
108,Naze,JP,2022-10-05 20:02:30,28.3667,129.4833,296.49,76,34,4.25
109,Alofi,NU,2022-10-05 20:02:29,-19.0595,-169.9187,298.13,80,99,7.31
110,Polyarnyy,RU,2022-10-05 20:06:16,69.1989,33.4478,278.8,90,57,4.99
111,Usinsk,RU,2022-10-05 20:06:17,65.9939,57.5281,279.59,91,100,6.12
112,Hithadhoo,MV,2022-10-05 20:06:17,-0.6,73.0833,301.08,74,100,8.24
113,Prabumulih,ID,2022-10-05 20:06:18,-3.45,104.25,296.58,97,100,1.2
114,Mehamn,NO,2022-10-05 20:06:18,71.0357,27.8492,279.12,75,0,8.75
115,Birao,CF,2022-10-05 20:06:19,10.2849,22.7882,297.48,71,13,0.68
116,Bambous Virieux,MU,2022-10-05 20:04:46,-20.3428,57.7575,295.29,73,20,3.6
117,Shenzhen,CN,2022-10-05 20:04:50,22.5455,114.0683,301.6,89,30,3.77
118,Antalaha,MG,2022-10-05 20:06:19,-14.9003,50.2788,293.01,87,1,3.02
119,Longyearbyen,SJ,2022-10-05 20:06:20,78.2186,15.6401,278.06,70,20,6.69
120,Tagbac,PH,2022-10-05 20:06:20,7.089,125.1567,295.37,88,100,0.65
121,Kavaratti,IN,2022-10-05 20:06:21,10.5669,72.642,300.48,79,78,6.88
122,Scottsbluff,US,2022-10-05 20:06:21,41.8666,-103.6672,295.77,41,40,3.09
123,San Miguel El Alto,MX,2022-10-05 20:06:22,21.0167,-102.35,297.68,43,33,2.93
124,Bukama,CD,2022-10-05 20:06:22,-9.2,25.85,299.65,46,97,1.98
125,Talara,PE,2022-10-05 20:06:23,-4.5772,-81.2719,295.57,64,0,7.72
126,Severo-Kurilsk,RU,2022-10-05 20:06:23,50.6789,156.125,279.0,63,65,7.75
127,Tura,IN,2022-10-05 20:06:23,25.5198,90.2201,294.88,97,91,1.32
128,Awjilah,LY,2022-10-05 20:06:24,29.1081,21.2869,299.11,38,4,3.75
129,Kahului,US,2022-10-05 20:06:24,20.8947,-156.47,304.16,69,40,8.23
130,Mount Gambier,AU,2022-10-05 20:03:38,-37.8333,140.7667,287.1,94,100,4.63
131,Kodinsk,RU,2022-10-05 20:06:25,58.6881,99.1844,273.98,99,100,2.0
132,Rantepao,ID,2022-10-05 20:06:25,-2.9701,119.8978,292.01,98,100,0.97
133,Faya,SA,2022-10-05 20:06:26,18.3851,42.4509,294.44,30,44,3.49
134,Pevek,RU,2022-10-05 20:07:26,69.7008,170.3133,271.46,81,100,4.25
135,Kilindoni,TZ,2022-10-05 20:07:11,-7.9139,39.6668,297.76,75,24,6.74
136,Kamenka,RU,2022-10-05 20:07:27,51.3223,42.7678,282.27,79,88,3.77
137,Mana,GF,2022-10-05 20:07:27,5.6592,-53.7767,301.46,71,26,5.17
138,Kapaa,US,2022-10-05 20:02:28,22.0752,-159.319,299.87,76,9,1.34
139,Cabo San Lucas,MX,2022-10-05 20:07:27,22.8909,-109.9124,306.27,58,0,5.66
140,Talnakh,RU,2022-10-05 20:07:28,69.4865,88.3972,268.42,93,87,1.51
141,Barrow,US,2022-10-05 20:07:28,71.2906,-156.7887,276.16,65,20,10.29
142,Chokurdakh,RU,2022-10-05 20:07:29,70.6333,147.9167,264.36,97,96,2.51
143,Yen Bai,VN,2022-10-05 20:07:29,21.7,104.8667,296.81,96,11,0.56
144,Skelleftea,SE,2022-10-05 20:07:30,64.7507,20.9528,282.04,100,75,2.06
145,Znamenskoye,RU,2022-10-05 20:07:30,57.1281,73.8282,280.49,95,100,1.42
146,Asau,RO,2022-10-05 20:07:31,46.4333,26.4,283.86,79,96,2.72
147,Sioux Lookout,CA,2022-10-05 20:07:31,50.1001,-91.917,283.07,85,100,2.54
148,Taunggyi,MM,2022-10-05 20:07:31,20.7833,97.0333,288.86,94,6,0.78
149,Walvis Bay,NA,2022-10-05 20:07:32,-22.9575,14.5053,286.15,87,0,7.34
150,Yevlax,AZ,2022-10-05 20:07:32,40.6089,47.1492,292.14,77,0,2.06
151,Pascagoula,US,2022-10-05 20:07:32,30.3658,-88.5561,302.55,48,75,0.0
152,Thompson,CA,2022-10-05 20:07:33,55.7435,-97.8558,276.2,44,100,5.74
153,Pemba,MZ,2022-10-05 20:07:33,-12.974,40.5178,297.54,83,75,3.6
154,Salalah,OM,2022-10-05 20:07:34,17.0151,54.0924,298.75,80,100,1.28
155,Port Elizabeth,ZA,2022-10-05 20:03:22,-33.918,25.5701,288.88,87,94,3.13
156,Aksu,CN,2022-10-05 20:07:34,41.1231,80.2644,287.51,28,87,1.97
157,Kodiak,US,2022-10-05 20:07:34,57.79,-152.4072,284.88,87,100,8.75
158,Beyneu,KZ,2022-10-05 20:07:35,45.3167,55.2,286.74,33,97,6.21
159,Marawi,PH,2022-10-05 20:07:35,7.9986,124.2928,293.41,91,100,0.21
160,Tebingtinggi,ID,2022-10-05 20:07:36,3.3285,99.1625,297.18,94,100,0.91
161,Port Hardy,CA,2022-10-05 20:03:28,50.6996,-127.4199,289.74,83,100,1.13
162,Bismarck,US,2022-10-05 20:07:36,46.8083,-100.7837,299.06,40,0,7.2
163,Ribeira Grande,PT,2022-10-05 20:07:37,38.5167,-28.7,294.37,88,75,4.12
164,Rocha,UY,2022-10-05 20:07:37,-34.4833,-54.3333,291.62,63,90,6.15
165,Butaritari,KI,2022-10-05 20:07:38,3.0707,172.7902,300.81,71,9,9.06
166,Havelock,US,2022-10-05 20:07:38,34.8791,-76.9013,295.36,61,75,5.14
167,Anadyr,RU,2022-10-05 20:07:38,64.75,177.4833,278.71,93,97,17.88
168,Hambantota,LK,2022-10-05 20:03:33,6.1241,81.1185,299.06,81,100,7.41
169,Yumen,CN,2022-10-05 20:07:39,40.2833,97.2,278.2,58,6,1.87
170,Gouyave,GD,2022-10-05 20:07:39,12.1646,-61.7296,298.96,82,100,8.93
171,Airai,TL,2022-10-05 20:04:40,-8.9266,125.4092,288.13,79,89,1.02
172,Saint-Louis,SN,2022-10-05 20:07:40,16.3333,-15.0,310.77,17,10,2.45
173,Carballo,ES,2022-10-05 20:07:40,43.213,-8.691,290.24,94,100,4.35
174,Ilulissat,GL,2022-10-05 20:07:41,69.2167,-51.1,270.16,63,20,0.51
175,Bara,NG,2022-10-05 20:07:41,10.3744,10.7288,297.06,82,15,1.57
176,Yarada,IN,2022-10-05 20:07:41,17.65,83.2667,299.33,94,75,1.54
177,Vestmannaeyjar,IS,2022-10-05 20:07:42,63.4427,-20.2734,280.85,70,82,8.42
178,Santa Cruz,BO,2022-10-05 20:07:42,-17.8,-63.1667,305.18,51,40,12.86
179,Kaitangata,NZ,2022-10-05 20:07:42,-46.2817,169.8464,275.9,83,100,6.39
180,Okmulgee,US,2022-10-05 20:07:43,35.6234,-95.9605,304.27,23,0,3.6
181,Port Augusta,AU,2022-10-05 20:08:43,-32.5,137.7667,287.38,81,0,0.71
182,Gizo,SB,2022-10-05 20:08:44,-8.103,156.8419,300.78,75,67,3.51
183,Mount Isa,AU,2022-10-05 20:08:44,-20.7333,139.5,293.02,100,65,3.09
184,San Jeronimo,PE,2022-10-05 20:08:44,-11.9472,-75.2829,292.61,27,35,1.71
185,Narsaq,GL,2022-10-05 20:08:45,60.9167,-46.05,277.27,90,100,5.33
186,North Bend,US,2022-10-05 20:05:26,43.4065,-124.2243,291.1,85,0,5.14
187,Yar-Sale,RU,2022-10-05 20:08:45,66.8333,70.8333,273.72,90,26,3.94
188,Zhangjiakou,CN,2022-10-05 20:08:46,40.81,114.8794,278.77,22,98,0.7
189,Cidreira,BR,2022-10-05 20:08:46,-30.1811,-50.2056,291.15,76,54,7.49
190,Svetlaya,RU,2022-10-05 20:08:46,46.5389,138.3297,275.29,65,6,4.42
191,Torbay,CA,2022-10-05 20:08:47,47.6666,-52.7314,290.24,55,5,1.79
192,Serra Talhada,BR,2022-10-05 20:06:21,-7.9919,-38.2983,307.02,22,28,6.84
193,General Roca,AR,2022-10-05 20:08:47,-39.0333,-67.5833,296.27,16,0,7.65
194,San Patricio,US,2022-10-05 20:05:50,28.017,-97.5169,305.12,33,48,3.92
195,Ponta Delgada,PT,2022-10-05 20:08:48,37.7333,-25.6667,295.1,88,75,2.57
196,Mirnyy,RU,2022-10-05 20:08:48,62.5353,113.9611,273.28,74,97,4.02
197,Faanui,PF,2022-10-05 20:08:49,-16.4833,-151.75,298.48,75,40,11.76
198,Beringovskiy,RU,2022-10-05 20:08:49,63.05,179.3167,279.92,92,100,12.51
199,Tiksi,RU,2022-10-05 20:08:49,71.6872,128.8694,268.24,78,96,8.61
200,Oktyabrskiy,RU,2022-10-05 20:08:50,54.4815,53.471,281.15,79,100,4.56
201,Lincoln,US,2022-10-05 20:07:12,40.8,-96.667,297.75,52,100,4.63
202,Steti,CZ,2022-10-05 20:08:50,50.453,14.3742,288.65,84,100,2.66
203,Severomuysk,RU,2022-10-05 20:08:51,56.1481,113.4267,257.56,93,57,1.41
204,Half Moon Bay,US,2022-10-05 20:08:51,37.4636,-122.4286,301.94,73,100,3.6
205,Vanimo,PG,2022-10-05 20:08:51,-2.6741,141.3028,298.55,90,100,2.71
206,Tucupita,VE,2022-10-05 20:08:52,9.0622,-62.051,298.35,94,100,2.45
207,Kumluca,TR,2022-10-05 20:08:52,36.3703,30.2869,295.86,66,0,2.76
208,Enumclaw,US,2022-10-05 20:07:40,47.2043,-121.9915,292.33,47,91,2.18
209,Guarapuava,BR,2022-10-05 20:08:53,-25.3953,-51.4581,290.89,93,100,1.31
210,Tautira,PF,2022-10-05 20:08:53,-17.7333,-149.15,297.83,72,18,10.79
211,Baykit,RU,2022-10-05 20:08:54,61.67,96.37,272.45,98,100,1.23
212,Vardo,NO,2022-10-05 20:08:54,70.3705,31.1107,280.14,70,75,8.23
213,Mar Del Plata,AR,2022-10-05 20:08:55,-38.0023,-57.5575,289.16,87,100,5.14
214,Flin Flon,CA,2022-10-05 20:08:55,54.7682,-101.865,278.59,35,5,5.46
215,Dong Xoai,VN,2022-10-05 20:08:55,11.5333,106.9167,296.02,96,100,1.47
216,Cedar Lake,US,2022-10-05 20:08:56,41.3648,-87.4411,299.24,28,100,2.49
217,Blackwater,AU,2022-10-05 20:08:56,-23.5833,148.8833,290.38,89,30,3.77
218,Plettenberg Bay,ZA,2022-10-05 20:08:57,-34.0527,23.3716,286.17,86,100,1.79
219,Ancud,CL,2022-10-05 20:08:57,-41.8697,-73.8203,282.27,92,100,11.46
220,Keflavik,IS,2022-10-05 20:08:57,64.0049,-22.5624,279.39,81,75,3.6
221,Port-Gentil,GA,2022-10-05 20:08:58,-0.7193,8.7815,299.13,83,40,3.6
222,Hasaki,JP,2022-10-05 20:08:58,35.7333,140.8333,288.37,80,100,10.17
223,Champerico,GT,2022-10-05 20:08:59,14.3,-91.9167,307.45,73,100,2.48
224,Bethel,US,2022-10-05 20:08:59,41.3712,-73.414,290.2,86,100,1.54
225,Camocim,BR,2022-10-05 20:08:22,-2.9022,-40.8411,301.48,66,50,9.39
226,San Ignacio,BZ,2022-10-05 20:09:00,17.1561,-89.0714,304.23,62,75,2.06
227,Hamilton,US,2022-10-05 20:06:07,39.1834,-84.5333,299.12,30,0,1.34
228,Bemidji,US,2022-10-05 20:06:30,47.4736,-94.8803,296.03,52,0,4.63
229,Wewak,PG,2022-10-05 20:10:00,-3.5534,143.6268,299.63,85,100,2.99
230,Boende,CD,2022-10-05 20:10:01,-0.2167,20.8667,293.65,95,100,0.56
231,Kumano,JP,2022-10-05 20:10:01,34.3442,132.5894,291.66,73,96,4.0
232,Sao Joao Da Barra,BR,2022-10-05 20:07:10,-21.6403,-41.0511,297.2,85,73,4.96
233,Aitape,PG,2022-10-05 20:10:02,-3.1374,142.3475,298.86,87,100,3.2
234,Haines Junction,CA,2022-10-05 20:10:02,60.7522,-137.5108,282.0,79,100,0.76
235,Corralillo,CU,2022-10-05 20:10:03,22.9819,-80.5856,301.43,65,24,4.93
236,Nouadhibou,MR,2022-10-05 20:10:03,20.931,-17.0347,299.33,59,28,7.11
237,Uruguaiana,BR,2022-10-05 20:10:04,-29.7547,-57.0883,299.11,61,0,1.54
238,Teguldet,RU,2022-10-05 20:10:04,57.3064,88.1667,274.66,98,100,2.39
239,Herat,AF,2022-10-05 20:10:05,34.5,62.0,287.17,14,0,5.97
240,Bonthe,SL,2022-10-05 20:07:13,7.5264,-12.505,298.85,86,100,2.81
241,Kontagora,NG,2022-10-05 20:10:05,10.3999,5.4695,295.72,87,95,6.07
242,La Maddalena,IT,2022-10-05 20:10:06,41.2142,9.4083,290.24,75,2,4.92
243,Sitka,US,2022-10-05 20:10:06,57.0531,-135.33,288.09,88,100,7.2
244,Esperance,AU,2022-10-05 20:10:07,-33.8667,121.9,283.75,77,64,8.51
245,Sao Jose Da Coroa Grande,BR,2022-10-05 20:10:08,-8.8978,-35.1478,299.14,79,10,3.85
246,Chegutu,ZW,2022-10-05 20:10:08,-18.1302,30.1407,297.23,23,0,4.45
247,Huarmey,PE,2022-10-05 20:10:09,-10.0681,-78.1522,292.44,69,4,5.89
248,Sur,OM,2022-10-05 20:07:22,22.5667,59.5289,300.72,60,1,4.28
249,Khandyga,RU,2022-10-05 20:10:09,62.6667,135.6,261.35,92,33,0.9
250,Margate,GB,2022-10-05 20:10:10,51.3813,1.3862,287.21,70,11,1.79
251,Lac Du Bonnet,CA,2022-10-05 20:10:10,50.2536,-96.0612,290.71,41,54,6.03
252,Gushi,CN,2022-10-05 20:10:11,34.6425,109.5843,280.85,85,100,0.52
253,Tashtyp,RU,2022-10-05 20:10:12,52.7939,89.8983,275.13,96,100,3.41
254,Miri,MY,2022-10-05 20:10:12,4.4148,114.0089,298.19,91,97,2.49
255,Kuching,MY,2022-10-05 20:10:13,1.55,110.3333,298.27,94,20,1.54
256,Puerto Escondido,MX,2022-10-05 20:10:13,15.85,-97.0667,303.61,58,20,3.09
257,Fergus Falls,US,2022-10-05 20:10:14,46.283,-96.0776,296.74,53,40,4.63
258,Gualeguay,AR,2022-10-05 20:10:14,-33.1416,-59.3097,299.03,24,100,5.09
259,Waddan,LY,2022-10-05 20:10:15,29.1614,16.139,296.69,57,0,5.63
260,Kushima,JP,2022-10-05 20:10:15,31.4583,131.2333,294.0,86,54,2.39
261,Agadir,MA,2022-10-05 20:08:46,30.4202,-9.5982,292.4,69,11,1.99
262,Mahebourg,MU,2022-10-05 20:10:16,-20.4081,57.7,295.31,73,20,3.6
263,San Quintin,MX,2022-10-05 20:10:16,30.4833,-115.95,296.04,71,12,4.31
264,Geraldton,AU,2022-10-05 20:10:17,-28.7667,114.6,285.38,87,75,3.6
265,Markova,UA,2022-10-05 20:10:17,48.6758,24.4138,281.03,78,100,3.05
266,Nerang,AU,2022-10-05 20:10:18,-27.9833,153.3333,290.7,93,100,1.32
267,Bengkulu,ID,2022-10-05 20:10:18,-3.8004,102.2655,297.65,84,100,1.41
268,Kawalu,ID,2022-10-05 20:10:18,-7.3817,108.2082,294.65,97,97,0.15
269,Arraial Do Cabo,BR,2022-10-05 20:10:19,-22.9661,-42.0278,295.07,78,100,4.12
270,Villarrica,PY,2022-10-05 20:10:19,-25.75,-56.4333,299.22,70,10,4.94
271,Villa Carlos Paz,AR,2022-10-05 20:10:20,-31.4241,-64.4978,285.31,47,100,4.47
272,Yegorlykskaya,RU,2022-10-05 20:11:20,46.5656,40.6562,285.21,62,4,2.7
273,Isangel,VU,2022-10-05 20:11:20,-19.55,169.2667,296.46,72,29,4.45
274,Cheyenne,US,2022-10-05 20:10:21,41.14,-104.8203,291.36,33,0,3.58
275,Synya,RU,2022-10-05 20:11:21,65.3718,58.0387,279.24,88,100,2.14
276,Temir,KZ,2022-10-05 20:11:21,49.1414,57.13,283.05,24,88,4.75
277,Meulaboh,ID,2022-10-05 20:11:22,4.1363,96.1285,296.59,93,100,1.3
278,Qui Nhon,VN,2022-10-05 20:11:22,13.7667,109.2333,298.38,90,100,2.68
279,Les Cayes,HT,2022-10-05 20:11:23,18.2,-73.75,303.25,66,73,2.47
280,Abu Kamal,SY,2022-10-05 20:11:23,34.4506,40.9171,302.71,26,3,3.21
281,Adrar,MR,2022-10-05 20:11:24,20.5022,-10.0711,308.65,12,7,4.88
282,Parksville,CA,2022-10-05 20:11:24,49.3163,-124.3195,295.15,71,94,1.34
283,Derzhavinsk,KZ,2022-10-05 20:11:24,51.1,66.3167,283.19,34,99,3.67
284,Ambon,ID,2022-10-05 20:11:25,-3.6954,128.1814,297.23,94,20,3.09
285,Delta Del Tigre,UY,2022-10-05 20:11:25,-34.7633,-56.3853,293.38,64,40,5.66
286,Saint-Augustin,CA,2022-10-05 20:07:09,51.226,-58.6502,287.67,66,25,5.37
287,Hervey Bay,AU,2022-10-05 20:07:35,-25.2986,152.8535,290.38,84,56,4.92
288,Lushoto,TZ,2022-10-05 20:11:26,-4.7833,38.2833,286.74,89,20,1.23
289,El Fuerte,MX,2022-10-05 20:11:27,26.4189,-108.6194,304.97,39,0,2.27
290,Supe,PE,2022-10-05 20:11:27,-10.8,-77.7333,291.48,69,6,5.94
291,Fereydun Kenar,IR,2022-10-05 20:11:28,36.6864,52.5225,296.88,68,0,1.15
292,Hovd,MN,2022-10-05 20:11:28,48.0056,91.6419,275.5,34,44,2.16
293,Lorengau,PG,2022-10-05 20:11:28,-2.0226,147.2712,301.09,74,41,5.15
294,Kuala Terengganu,MY,2022-10-05 20:11:29,5.3302,103.1408,298.56,88,99,2.1
295,Tigil,RU,2022-10-05 20:11:29,57.8,158.6667,274.4,71,79,11.12
296,Pangnirtung,CA,2022-10-05 20:11:30,66.1451,-65.7125,274.15,93,100,0.0
297,Nandu,CN,2022-10-05 20:11:30,22.8525,110.8233,296.63,93,1,1.21
298,Katsuura,JP,2022-10-05 20:11:31,35.1333,140.3,288.16,86,100,10.79
299,Atar,MR,2022-10-05 20:11:31,20.5169,-13.0499,309.88,13,24,6.37
300,Punta Cardon,VE,2022-10-05 20:11:32,11.6581,-70.215,304.11,63,95,4.22
301,Tuktoyaktuk,CA,2022-10-05 20:11:32,69.4541,-133.0374,273.15,100,100,6.17
302,Benalla,AU,2022-10-05 20:11:32,-36.55,145.9833,285.29,96,100,5.09
303,Banda Aceh,ID,2022-10-05 20:11:33,5.5577,95.3222,297.8,89,100,5.2
304,Bilbor,RO,2022-10-05 20:11:33,47.05,25.5167,275.64,95,100,1.69
305,Tupik,RU,2022-10-05 20:11:34,54.4253,119.9327,267.54,63,51,1.51
306,Manggar,ID,2022-10-05 20:11:34,-2.8833,108.2667,299.7,81,96,1.25
307,Jacareacanga,BR,2022-10-05 20:11:35,-6.2222,-57.7528,305.65,41,95,1.23
308,Castro,BR,2022-10-05 20:09:26,-24.7911,-50.0119,295.82,70,100,1.0
309,Haapiti,PF,2022-10-05 20:11:35,-17.5667,-149.8667,301.0,67,4,10.3
310,Zaragoza,ES,2022-10-05 20:11:36,41.6561,-0.8773,296.4,58,0,2.24
311,Tazovskiy,RU,2022-10-05 20:11:36,67.4667,78.7,274.4,77,100,1.79
312,Nanga Eboko,CM,2022-10-05 20:11:36,4.6833,12.3667,293.92,98,100,0.9
313,Vysokogornyy,RU,2022-10-05 20:11:37,50.1167,139.15,268.98,82,76,2.49
314,Shimanovsk,RU,2022-10-05 20:11:37,52.0,127.7,270.93,65,22,3.51
315,Te Anau,NZ,2022-10-05 20:11:38,-45.4167,167.7167,273.54,84,87,0.29
316,Barra Do Garcas,BR,2022-10-05 20:12:38,-15.89,-52.2567,305.35,41,88,1.48
317,Bathsheba,BB,2022-10-05 20:12:38,13.2167,-59.5167,299.49,83,75,8.23
318,Bouna,CI,2022-10-05 20:12:39,9.2667,-3.0,298.25,82,100,2.31
319,Port Blair,IN,2022-10-05 20:09:43,11.6667,92.75,299.92,83,100,5.94
320,Greenwood,US,2022-10-05 20:12:39,34.1668,-82.1165,298.5,26,0,3.09
321,Kenai,US,2022-10-05 20:12:40,60.5544,-151.2583,284.28,79,100,9.77
322,Antiguo Morelos,MX,2022-10-05 20:12:40,22.5495,-99.0812,299.88,58,47,2.04
323,Boden,SE,2022-10-05 20:12:41,65.8252,21.6886,282.15,98,100,2.2
324,Ventspils,LV,2022-10-05 20:12:41,57.3894,21.5606,287.11,94,100,6.17
325,Nuuk,GL,2022-10-05 20:12:42,64.1835,-51.7216,276.49,87,75,0.51
326,Ponta Do Sol,PT,2022-10-05 20:12:42,32.6667,-17.1,295.77,89,100,2.66
327,Oum Hadjer,TD,2022-10-05 20:12:43,13.2954,19.6966,304.21,40,64,2.83
328,Bud,US,2022-10-05 20:12:43,39.447,-86.1758,299.64,29,46,1.52
329,Asfi,MA,2022-10-05 20:12:43,32.2994,-9.2372,294.3,81,98,6.76
330,Guerrero Negro,MX,2022-10-05 20:12:44,27.9769,-114.0611,297.74,61,6,4.0
331,Oranjemund,NA,2022-10-05 20:12:44,-28.55,16.4333,286.47,88,34,4.76
332,Kargasok,RU,2022-10-05 20:12:45,59.0556,80.8572,277.04,77,100,3.25
333,Changping,CN,2022-10-05 20:12:45,40.2186,116.2197,275.95,29,99,1.53
334,Talisayan,PH,2022-10-05 20:12:45,6.9872,121.9272,299.63,85,99,0.45
335,Boa Vista,BR,2022-10-05 20:12:46,2.8197,-60.6733,305.14,48,75,2.57
336,Taoudenni,ML,2022-10-05 20:12:46,22.6783,-3.9836,309.95,10,2,1.7
337,Rawson,AR,2022-10-05 20:12:47,-43.3002,-65.1023,293.94,26,3,10.55
338,Grand Gaube,MU,2022-10-05 20:12:47,-20.0064,57.6608,295.37,71,69,1.79
339,Vila Franca Do Campo,PT,2022-10-05 20:12:47,37.7167,-25.4333,294.93,88,98,4.21
340,Podporozhye,RU,2022-10-05 20:12:48,60.9112,34.1706,278.77,96,99,1.86
341,Teahupoo,PF,2022-10-05 20:12:48,-17.8333,-149.2667,298.13,72,19,10.96
342,Comodoro Rivadavia,AR,2022-10-05 20:08:05,-45.8667,-67.5,290.07,29,0,6.69
343,Inirida,CO,2022-10-05 20:12:49,3.8653,-67.9239,303.3,67,96,0.85
344,Sao Filipe,CV,2022-10-05 20:12:49,14.8961,-24.4956,299.51,80,50,3.02
345,Kununurra,AU,2022-10-05 20:12:50,-15.7667,128.7333,301.14,61,40,2.06
346,Bairiki,KI,2022-10-05 20:12:50,1.3292,172.9752,301.15,74,75,4.63
347,Provideniya,RU,2022-10-05 20:12:50,64.3833,-173.3,277.52,96,100,7.03
348,Ambato,EC,2022-10-05 20:10:11,-1.2491,-78.6168,298.37,56,40,1.54
349,Manaure,CO,2022-10-05 20:12:51,11.7751,-72.4445,302.55,72,100,5.52
350,Taksimo,RU,2022-10-05 20:12:51,56.3444,114.8794,267.07,73,78,1.85
351,San Carlos,VE,2022-10-05 20:12:52,9.6612,-68.5827,304.58,62,100,0.57
352,Takoradi,GH,2022-10-05 20:12:52,4.8845,-1.7554,297.64,91,7,3.34
353,Porto Santo,PT,2022-10-05 20:12:52,33.072,-16.3415,294.36,68,40,6.17
354,Biryusinsk,RU,2022-10-05 20:12:53,55.9634,97.8235,273.61,98,100,3.74
355,Sorong,ID,2022-10-05 20:12:53,-0.8833,131.25,299.37,82,24,1.45
356,Mujiayingzi,CN,2022-10-05 20:12:54,42.1167,118.7833,275.51,29,100,0.32
357,Muli,MV,2022-10-05 20:12:54,2.9167,73.5667,300.36,79,100,8.19
358,Lasa,IT,2022-10-05 20:12:55,46.6166,10.7002,283.35,84,25,1.14
359,Kamien Pomorski,PL,2022-10-05 20:12:55,53.9685,14.7726,285.35,67,0,6.44
360,Qena,EG,2022-10-05 20:12:55,26.1615,32.7183,303.62,22,5,1.65
361,Kabelvag,NO,2022-10-05 20:13:56,68.2114,14.4817,282.27,76,20,9.77
362,Umm Kaddadah,SD,2022-10-05 20:13:56,13.6017,26.6876,306.06,30,43,3.74
363,Port Said,EG,2022-10-05 20:13:57,31.2565,32.2841,298.24,65,0,4.6
364,Salamanca,ES,2022-10-05 20:13:57,40.8333,-6.0,293.01,34,0,1.9
365,Auki,SB,2022-10-05 20:13:58,-8.7676,160.7034,298.11,77,100,1.91
366,Redmond,US,2022-10-05 20:09:46,47.674,-122.1215,289.11,51,89,2.19
367,Kaoma,ZM,2022-10-05 20:13:58,-14.7833,24.8,294.39,22,7,2.94
368,Duku,NG,2022-10-05 20:13:59,11.2361,4.9073,297.91,85,99,1.63
369,Camacha,PT,2022-10-05 20:13:59,33.0833,-16.3333,292.83,68,40,6.17
370,Dushanbe,TJ,2022-10-05 20:10:35,38.5577,68.7797,289.05,41,40,2.0
371,Luangwa,ZM,2022-10-05 20:14:00,-15.6167,30.4167,299.36,25,0,1.83
372,Maniitsoq,GL,2022-10-05 20:14:00,65.4167,-52.9,274.19,58,13,2.31
373,College,US,2022-10-05 20:14:01,64.8569,-147.8028,281.04,82,75,1.54
374,Sola,VU,2022-10-05 20:14:01,-13.8833,167.55,299.93,78,76,8.37
375,Progreso,MX,2022-10-05 20:14:01,21.2833,-89.6667,304.32,52,0,4.57
376,Barcelona,ES,2022-10-05 20:11:35,41.3888,2.159,295.0,81,20,2.57
377,Henties Bay,NA,2022-10-05 20:09:47,-22.116,14.2845,285.81,93,5,4.24
378,Nichinan,JP,2022-10-05 20:14:02,31.6,131.3667,294.84,82,77,3.79
379,Halifax,CA,2022-10-05 20:12:33,44.6453,-63.5724,290.76,84,100,5.36
380,Caravelas,BR,2022-10-05 20:14:04,-17.7125,-39.2481,298.32,75,79,4.99
381,Mareeba,AU,2022-10-05 20:14:05,-17.0,145.4333,293.95,93,93,1.57
382,Erbaa,TR,2022-10-05 20:14:05,40.6689,36.5675,288.08,91,100,1.23
383,Sfantu Gheorghe,RO,2022-10-05 20:14:06,45.8667,25.7833,282.74,85,100,0.73
384,Tlacotalpan,MX,2022-10-05 20:14:06,18.6167,-95.6667,301.07,66,30,4.3
385,Kutum,SD,2022-10-05 20:14:07,14.2,24.6667,302.09,25,94,4.09
386,Aguia Branca,BR,2022-10-05 20:14:07,-18.9831,-40.7403,302.35,52,2,2.95
387,Greece,US,2022-10-05 20:14:07,43.2098,-77.6931,296.14,64,20,2.57
388,Krasnoselkup,RU,2022-10-05 20:11:09,65.7,82.4667,273.62,94,100,4.07
389,Calabozo,VE,2022-10-05 20:14:08,8.9242,-67.4293,306.78,45,42,1.12
390,Sungaipenuh,ID,2022-10-05 20:14:08,-2.0833,101.3833,291.61,93,94,1.1
391,Ajdabiya,LY,2022-10-05 20:14:09,30.7554,20.2263,298.31,44,0,4.8
392,Tuatapere,NZ,2022-10-05 20:14:09,-46.1333,167.6833,276.49,85,100,6.51
393,Dhandhuka,IN,2022-10-05 20:14:10,22.3667,71.9833,302.07,57,10,6.26
394,Celestun,MX,2022-10-05 20:14:10,20.8667,-90.4,301.06,58,2,5.17
395,Nanortalik,GL,2022-10-05 20:14:11,60.1432,-45.2371,276.43,87,51,6.13
396,Los Llanos De Aridane,ES,2022-10-05 20:14:11,28.6585,-17.9182,296.0,87,0,5.66
397,Virginia Beach,US,2022-10-05 20:10:33,36.8529,-75.978,290.17,88,100,7.2
398,Necochea,AR,2022-10-05 20:14:12,-38.5473,-58.7368,288.97,66,100,2.55
399,De-Kastri,RU,2022-10-05 20:14:12,51.4667,140.7833,272.52,64,3,2.82
400,Okhotsk,RU,2022-10-05 20:14:12,59.3833,143.3,271.69,55,100,4.09
401,Suicheng,CN,2022-10-05 20:14:13,33.8963,117.9331,283.26,91,100,3.25
402,Warrington,GB,2022-10-05 20:10:31,53.3925,-2.5802,285.21,86,40,7.72
403,Ouadda,CF,2022-10-05 20:14:13,8.0777,22.4007,292.6,93,100,0.85
404,Chapais,CA,2022-10-05 20:14:14,49.7834,-74.8492,286.17,91,100,3.62
405,Acatlan,MX,2022-10-05 20:14:14,20.15,-98.45,289.83,78,92,3.01
406,Labuhan,ID,2022-10-05 20:14:15,-6.8844,112.2051,298.31,84,100,5.21
407,Mayya,RU,2022-10-05 20:15:15,61.7333,130.2811,271.77,94,98,2.9
408,Olafsvik,IS,2022-10-05 20:15:15,64.8945,-23.7142,280.0,68,100,4.31
409,Sangar,RU,2022-10-05 20:15:16,63.9242,127.4739,267.93,78,100,2.79
410,Stromness,GB,2022-10-05 20:15:16,58.965,-3.296,284.13,83,100,11.62
411,Drumheller,CA,2022-10-05 20:15:17,51.4617,-112.7101,292.78,37,100,5.14
412,Padang,ID,2022-10-05 20:15:17,-0.9492,100.3543,298.11,87,100,1.91
413,Raudeberg,NO,2022-10-05 20:15:18,61.9875,5.1352,283.52,1,100,12.29
414,Mangrol,IN,2022-10-05 20:11:14,21.1167,70.1167,300.0,75,16,5.18
415,Tokur,RU,2022-10-05 20:15:18,53.1333,132.9,264.91,93,27,1.8
416,Luderitz,NA,2022-10-05 20:15:19,-26.6481,15.1594,286.75,77,19,8.13
417,Lubango,AO,2022-10-05 20:15:19,-14.9172,13.4925,290.09,66,12,2.4
418,Powell River,CA,2022-10-05 20:13:03,49.8496,-124.5361,292.78,81,86,1.69
419,Tilichiki,RU,2022-10-05 20:15:20,60.4667,166.1,273.62,80,9,8.06
420,Maicao,CO,2022-10-05 20:15:20,11.3832,-72.2432,304.45,59,100,2.99
421,Baherden,TM,2022-10-05 20:15:21,38.4362,57.4316,290.8,15,0,3.97
422,Baker City,US,2022-10-05 20:13:52,44.7749,-117.8344,296.81,35,0,0.0
423,Saint-Pierre,RE,2022-10-05 20:15:21,-21.3393,55.4781,293.97,73,0,3.6
424,Pisco,PE,2022-10-05 20:10:26,-13.7,-76.2167,293.18,60,0,5.14
425,Ulladulla,AU,2022-10-05 20:15:22,-35.35,150.4667,286.65,94,100,6.33
426,Marica,BR,2022-10-05 20:15:22,-22.9194,-42.8186,295.12,85,41,4.96
427,Komsomolskiy,UZ,2022-10-05 20:15:23,40.4272,71.7189,285.55,40,91,3.09
428,Ulaanbaatar,MN,2022-10-05 20:13:43,47.9077,106.8832,263.22,79,0,0.0
429,Abong Mbang,CM,2022-10-05 20:15:23,3.9833,13.1833,293.24,98,99,0.65
430,Poum,NC,2022-10-05 20:15:24,-20.2333,164.0167,295.73,65,47,4.98
431,Galveston,US,2022-10-05 20:11:36,29.3669,-94.9669,304.87,56,0,4.63
432,Korsakov,RU,2022-10-05 20:15:24,46.6328,142.7813,274.06,66,98,7.41
433,Soyo,AO,2022-10-05 20:15:25,-6.1349,12.3689,297.47,86,80,5.15
434,Santa Quiteria,BR,2022-10-05 20:15:25,-4.3319,-40.1567,308.6,18,3,3.75
435,Rongcheng,CN,2022-10-05 20:15:26,30.634,117.8517,286.11,96,100,2.7
436,Bandarbeyla,SO,2022-10-05 20:15:26,9.4942,50.8122,298.38,83,72,8.05
437,Paso De Los Toros,UY,2022-10-05 20:15:26,-32.8167,-56.5167,294.52,58,31,5.71
438,Sortavala,RU,2022-10-05 20:15:27,61.7053,30.6918,282.12,88,98,4.34
439,Negara,ID,2022-10-05 20:15:27,-8.3151,114.6025,297.65,90,100,3.42
440,Mao,ES,2022-10-05 20:15:28,39.8885,4.2658,294.46,78,20,2.06
441,Avera,US,2022-10-05 20:15:28,33.194,-82.5271,300.12,20,0,2.38
442,Basqal,AZ,2022-10-05 20:15:29,40.7552,48.391,289.27,53,7,2.6
443,Malakal,SS,2022-10-05 20:15:29,9.5334,31.6605,294.81,98,100,1.69
444,Oriximina,BR,2022-10-05 20:15:29,-1.7656,-55.8661,308.71,36,87,3.35
445,Touho,NC,2022-10-05 20:15:30,-20.7833,165.2333,296.01,58,90,4.79
446,Kokopo,PG,2022-10-05 20:15:30,-4.352,152.2633,298.17,79,100,2.02
447,Tzimol,MX,2022-10-05 20:15:30,16.2667,-92.2667,294.29,70,18,1.77
448,Shelton,US,2022-10-05 20:15:31,41.3165,-73.0932,290.43,87,100,5.66
449,Luanda,AO,2022-10-05 20:14:37,-8.8368,13.2343,297.15,78,0,3.09
450,Norman Wells,CA,2022-10-05 20:15:32,65.282,-126.8329,281.17,71,40,6.17
451,Salinas,US,2022-10-05 20:10:57,36.6777,-121.6555,304.82,63,0,3.09
452,Sakakah,SA,2022-10-05 20:15:32,29.9697,40.2064,305.91,14,34,5.73
453,Rio Gallegos,AR,2022-10-05 20:16:33,-51.6226,-69.2181,287.18,30,40,2.57
454,Barmer,IN,2022-10-05 20:16:33,25.75,71.3833,303.59,32,82,6.31
455,Nenjiang,CN,2022-10-05 20:16:33,49.1833,125.2167,271.52,49,2,1.71
456,Japura,ID,2022-10-05 20:16:34,-0.3167,102.35,295.9,97,100,0.17
457,Kamennomostskiy,RU,2022-10-05 20:16:34,44.2983,40.1856,285.91,98,100,0.38
458,Brownsville,US,2022-10-05 20:14:42,25.9018,-97.4975,305.12,47,20,5.14
459,Northam,GB,2022-10-05 20:16:35,51.0333,-4.2167,286.82,73,0,10.3
460,Bouafle,CI,2022-10-05 20:16:10,6.9904,-5.7442,299.16,85,86,1.27
461,Genhe,CN,2022-10-05 20:16:35,50.7833,121.5167,266.08,64,4,1.21
462,Port Pirie,AU,2022-10-05 20:16:36,-33.1833,138.0167,287.41,80,0,2.85
463,Nebyliv,UA,2022-10-05 20:16:36,48.8153,24.2166,281.12,78,100,2.96
464,Chicama,PE,2022-10-05 20:16:37,-7.8447,-79.1469,289.45,60,100,4.76
465,Zhigansk,RU,2022-10-05 20:16:37,66.7697,123.3711,268.82,93,100,5.25
466,Menongue,AO,2022-10-05 20:16:38,-14.6585,17.691,294.8,20,50,1.47
467,Moose Factory,CA,2022-10-05 20:16:38,51.2585,-80.6094,283.15,93,100,2.57
468,Russellville,US,2022-10-05 20:16:38,35.2784,-93.1338,303.25,29,0,2.06
469,Vostok,RU,2022-10-05 20:16:39,46.4856,135.8833,269.78,78,28,2.46
470,Itaituba,BR,2022-10-05 20:16:39,-4.2761,-55.9836,307.24,59,20,2.57
471,Bilibino,RU,2022-10-05 20:16:40,68.0546,166.4372,267.11,88,100,3.4
472,Ust-Tsilma,RU,2022-10-05 20:16:40,65.441,52.1498,280.25,91,100,2.86
473,Aliaga,PH,2022-10-05 20:16:40,15.5167,120.8667,300.87,90,88,1.13
474,Kashmor,PK,2022-10-05 20:16:41,28.4333,69.5833,302.19,23,0,3.78
475,Sturgeon Bay,US,2022-10-05 20:13:17,44.8342,-87.377,295.35,43,0,3.6
476,Ornskoldsvik,SE,2022-10-05 20:16:42,63.2909,18.7153,283.68,100,100,4.63
477,Manokwari,ID,2022-10-05 20:16:42,-0.8667,134.0833,298.45,76,99,1.05
478,Mehriz,IR,2022-10-05 20:16:42,31.5917,54.4318,294.43,18,0,1.01
479,Gorontalo,ID,2022-10-05 20:16:43,0.5412,123.0595,296.55,95,100,1.06
480,Alice Springs,AU,2022-10-05 20:16:43,-23.7,133.8833,287.9,77,0,2.06
481,Karratha,AU,2022-10-05 20:12:25,-20.7377,116.8463,295.6,34,18,6.2
482,Clyde River,CA,2022-10-05 20:16:44,70.4692,-68.5914,270.28,74,100,9.77
483,Port Macquarie,AU,2022-10-05 20:16:44,-31.4333,152.9167,286.98,93,100,2.27
484,Horki,BY,2022-10-05 20:16:45,54.2861,30.9842,281.64,94,100,4.22
485,Tocopilla,CL,2022-10-05 20:16:10,-22.092,-70.1979,291.51,61,21,5.48
486,Richards Bay,ZA,2022-10-05 20:16:45,-28.783,32.0377,294.96,89,91,2.89
487,Forchheim,DE,2022-10-05 20:16:45,49.7175,11.0588,287.96,91,90,1.78
488,Keti Bandar,PK,2022-10-05 20:16:46,24.1447,67.4497,300.23,76,68,4.84
489,Andenes,NO,2022-10-05 20:13:35,69.3143,16.1194,280.89,80,40,5.66
490,Ringebu,NO,2022-10-05 20:16:46,61.5167,10.1667,283.44,86,100,2.8
491,Leh,IN,2022-10-05 20:16:47,34.1667,77.5833,281.15,34,0,1.92
492,San Pedro,PH,2022-10-05 20:16:47,14.35,121.0167,299.72,82,20,1.54
493,Moron,AR,2022-10-05 20:16:48,-34.6534,-58.6198,297.05,58,84,3.84
494,Itarema,BR,2022-10-05 20:16:48,-2.9248,-39.9167,300.07,74,44,8.12
495,Stege,DK,2022-10-05 20:16:48,54.987,12.2846,288.74,80,13,9.98
496,Santiago Del Estero,AR,2022-10-05 20:17:49,-27.7951,-64.2615,295.73,47,61,9.78
497,San Juan,AR,2022-10-05 20:17:50,-31.5375,-68.5364,288.99,46,100,7.33
498,Si Chiang Mai,TH,2022-10-05 20:17:50,17.9564,102.5867,296.03,97,100,1.55
499,Veraval,IN,2022-10-05 20:17:51,20.9,70.3667,299.88,76,27,5.61
500,Nazare,BR,2022-10-05 20:17:51,-13.035,-39.0144,298.95,68,6,2.95
501,Bardiyah,LY,2022-10-05 20:17:52,31.7561,25.0865,295.88,58,0,5.99
502,Shimoda,JP,2022-10-05 20:17:52,34.6667,138.95,287.65,91,100,8.61
503,Arman,RU,2022-10-05 20:17:53,59.7,150.1667,264.83,70,100,2.73
504,Phalaborwa,ZA,2022-10-05 20:17:53,-23.943,31.1411,297.94,46,0,1.8
505,Paamiut,GL,2022-10-05 20:13:21,61.994,-49.6678,275.75,93,100,4.31
506,Kotelnich,RU,2022-10-05 20:17:53,58.3089,48.348,280.83,94,100,3.43
507,Sechura,PE,2022-10-05 20:17:54,-5.5569,-80.8222,298.17,51,17,7.71
508,Kavieng,PG,2022-10-05 20:17:54,-2.5744,150.7967,300.89,77,100,5.91
509,Ambilobe,MG,2022-10-05 20:17:55,-13.2,49.05,293.88,81,1,1.78
510,Suraabad,AZ,2022-10-05 20:17:55,40.8192,49.4687,294.07,75,0,5.84
511,Honggang,CN,2022-10-05 20:17:55,46.4667,124.8667,274.43,42,0,2.8
512,Saint-Francois,FR,2022-10-05 20:17:56,46.4154,3.9054,287.97,82,0,1.54
513,Kuryk,KZ,2022-10-05 20:17:56,43.2,51.65,293.34,20,8,8.12
514,Pahrump,US,2022-10-05 20:16:22,36.2083,-115.9839,305.28,16,0,1.79
515,Alekseyevsk,RU,2022-10-05 20:17:57,57.8406,108.3492,269.49,80,69,1.72
516,Najran,SA,2022-10-05 20:17:57,17.4924,44.1277,300.51,24,80,1.57
517,Shenjiamen,CN,2022-10-05 20:17:58,29.9576,122.298,292.26,76,100,6.79
518,Teknaf,BD,2022-10-05 20:17:58,20.8624,92.3058,298.73,88,99,1.6
519,Dunmore Town,BS,2022-10-05 20:17:58,25.5,-76.65,300.39,70,18,4.17
520,Berasia,IN,2022-10-05 20:17:59,23.6333,77.4333,295.66,97,90,3.12
521,Buala,SB,2022-10-05 20:17:59,-8.145,159.5921,299.96,70,95,4.44
522,Yarmouth,US,2022-10-05 20:18:00,41.7057,-70.2286,289.31,97,100,5.66
523,Murray Bridge,AU,2022-10-05 20:18:00,-35.1167,139.2667,287.11,93,1,2.64
524,La Macarena,CO,2022-10-05 20:18:01,2.1837,-73.7849,302.22,67,100,1.96
525,Yulara,AU,2022-10-05 20:18:01,-25.2406,130.9889,291.52,31,0,1.87
526,Morros,BR,2022-10-05 20:18:01,-9.4467,-46.3003,310.34,12,1,4.28
527,Ballina,AU,2022-10-05 20:18:02,-28.8667,153.5667,288.71,99,100,1.39
528,Beipiao,CN,2022-10-05 20:18:03,41.7919,120.7792,277.86,28,100,1.87
529,Dukat,RU,2022-10-05 20:18:03,62.55,155.55,260.73,96,100,3.23
530,Skjervoy,NO,2022-10-05 20:18:03,70.0311,20.9714,281.15,83,69,6.29
531,Rio Grande,BR,2022-10-05 20:18:04,-32.035,-52.0986,293.21,75,54,7.93
532,Baillif,GP,2022-10-05 20:18:04,16.0202,-61.7463,302.87,72,67,7.4
533,Mumford,GH,2022-10-05 20:18:05,5.2618,-0.759,298.03,91,45,4.4
534,La Asuncion,VE,2022-10-05 20:18:05,11.0333,-63.8628,299.0,100,100,2.57
535,Pandan,PH,2022-10-05 20:18:06,14.0453,124.1694,299.66,86,100,3.21
536,Mabaruma,GY,2022-10-05 20:18:06,8.2,-59.7833,297.64,97,100,2.12
537,Ocean City,US,2022-10-05 20:18:06,39.2776,-74.5746,289.29,89,100,2.24
538,Otane,NZ,2022-10-05 20:18:07,-39.8833,176.6333,278.16,73,96,5.49
539,Gisborne,NZ,2022-10-05 20:18:07,-38.6533,178.0042,278.65,92,80,4.5
540,Limbazi,LV,2022-10-05 20:18:08,57.5129,24.7194,284.84,87,100,4.74
541,Vaitape,PF,2022-10-05 20:19:08,-16.5167,-151.75,298.49,75,38,11.79
542,Deep River,CA,2022-10-05 20:19:08,46.1001,-77.4995,295.9,53,73,2.2
543,Takaka,NZ,2022-10-05 20:19:09,-40.85,172.8,280.13,57,6,1.78
544,Jalu,LY,2022-10-05 20:19:09,29.0331,21.5482,299.07,38,1,3.84
545,Tahta,EG,2022-10-05 20:19:10,26.7693,31.5021,300.93,30,0,4.74
546,Suez,EG,2022-10-05 20:18:12,29.9737,32.5263,295.71,80,0,4.45
547,Parrita,CR,2022-10-05 20:19:10,9.5201,-84.3225,301.36,76,80,3.1
548,Tevriz,RU,2022-10-05 20:19:11,57.509,72.4042,281.15,78,100,1.08
549,Andros Town,BS,2022-10-05 20:18:59,24.7,-77.7667,302.13,67,66,5.14
550,Acari,PE,2022-10-05 20:19:11,-15.4311,-74.6158,295.1,55,26,4.41
551,Toora-Khem,RU,2022-10-05 20:19:12,52.4675,96.11,271.72,91,100,0.87
552,Broome,US,2022-10-05 20:19:12,42.2506,-75.833,295.0,52,40,1.54
553,Carlagan,PH,2022-10-05 20:19:13,14.975,122.0456,299.53,85,100,4.22
554,Ziro,IN,2022-10-05 20:19:13,27.6333,93.8333,287.24,99,100,0.49
555,Katobu,ID,2022-10-05 20:19:14,-4.9408,122.5276,297.19,92,100,1.36
556,Grootfontein,NA,2022-10-05 20:19:14,-19.5667,18.1167,299.39,12,33,2.55
557,Voh,NC,2022-10-05 20:19:15,-20.9667,164.7,293.85,70,65,1.51
558,Bali Chak,IN,2022-10-05 20:19:15,22.3667,87.55,298.11,94,23,2.69
559,Lompoc,US,2022-10-05 20:19:16,34.6391,-120.4579,306.31,71,20,2.57
560,Nome,US,2022-10-05 20:19:16,64.5011,-165.4064,275.19,87,75,3.6
561,Uvat,RU,2022-10-05 20:19:17,59.1433,68.8953,282.12,77,100,1.22
562,Thomaston,US,2022-10-05 20:19:17,32.8882,-84.3266,302.32,20,0,3.09
563,Darnah,LY,2022-10-05 20:19:18,32.767,22.6367,295.77,66,6,2.74
564,Skreia,NO,2022-10-05 20:19:18,60.65,10.9333,286.66,91,100,3.92
565,Dingle,PH,2022-10-05 20:19:18,10.9995,122.6711,297.91,89,99,2.75
566,Shihezi,CN,2022-10-05 20:19:19,44.3,86.0333,284.54,33,0,1.14
567,Coquimbo,CL,2022-10-05 20:19:19,-29.9533,-71.3436,291.0,59,20,5.66
568,Karachi,PK,2022-10-05 20:16:43,24.9056,67.0822,300.05,83,40,3.6
569,Hirara,JP,2022-10-05 20:19:20,24.8,125.2833,300.05,79,24,7.44
